معرّف الخدمة (id),التصنيف (category),الأيقونة (icon),العنوان بالعربية,العنوان بالإنجليزية,الملخص بالعربية,الملخص بالإنجليزية,الشرح بالعربية,الشرح بالإنجليزية,الخطوات بالعربية (كل خطوة بسطر),الخطوات بالإنجليزية (each step in a line),رابط الفيديو (video_url),الزمن بالعربية,الزمن بالإنجليزية,أيقونة التصنيف (category_icon),اسم التصنيف بالعربية,اسم التصنيف بالإنجليزية
manual,c-guidance,📝,دليل استخدام الكتيب,Manual - How to use this guide,كل ما تحتاج معرفته للتنقل بين الخدمات ومشاهدة الفيديوهات.,Everything you need to know to navigate services and watch videos.,"مرحباً بك في كتيب خدمات MTN Syria التدريبي.
هذا الكتيب مخصص للمتدربين الجدد لتعريفهم بجميع الخدمات المتوفرة في الشركة","Welcome to the MTN Syria training guide.
This guide is designed for new trainees.","تصفح الخدمات من الصفحة الرئيسية أو الشريط الجانبي
افتح صفحة أي خدمة بالضغط على بطاقتها","Browse services from the home page or sidebar
Open any service page by clicking its card",,قراءة سريعة,Quick read,📖,التعريف بالكتيب,Guide Intro
new-line,c-mobile,📱,إصدار خط جديد,New Line Activation,شرح إجراءات إصدار خط جوال جديد لمشترك جديد.,Procedures for activating a new mobile line.,"شرح طريقة إصدار خط جوال جديد.
يقوم الموظف بتسجيل بيانات المشترك في نظام الجوال","How to activate a new mobile line.
The employee registers subscriber data.","استلام بيانات المشترك وبطاقة الهوية
التحقق من هوية المشترك","Receive subscriber data and ID card
Verify subscriber identity",,10 دقائق,10 minutes,📱,خطوط الجوال,Mobile Lines